{
  "averaged": true,
  "feature_version": 2,
  "model_type": "linear_action_ranker",
  "weights": {
    "action.bomb_rank": 254.93301948051948,
    "action.card_count": 580.525551948052,
    "action.empties_hand": 153.91642857142858,
    "action.index": -118.7810064935065,
    "action.is_bomb": -62.81457792207792,
    "action.neg_index": 118.7810064935065,
    "action.none": -311.3174025974026,
    "action.pass": -311.3174025974026,
    "action.point_fraction": -29.69697077651045,
    "action.point_risk": -365.36646103896106,
    "action.rank": 97.8888961038961,
    "action.remaining_cards": -580.525551948052,
    "action.remaining_points": 365.36646103896106,
    "action.sequence_length": -421.884512987013,
    "action.sequence_width": -304.37064935064933,
    "action.sheds_hand_fraction": 87.14985709309249,
    "action.type.bomb": -62.81457792207792,
    "action.type.sequence": -134.5040909090909,
    "action.type.set": 508.6360714285714,
    "action.wild_count": 202.43285714285713
  }
}
