{
  "averaged": true,
  "feature_version": 2,
  "model_type": "linear_action_ranker",
  "weights": {
    "action.bomb_rank": -10.806296068796069,
    "action.card_count": 149.5520730958231,
    "action.empties_hand": 296.4517506142506,
    "action.index": -104.69949324324324,
    "action.is_bomb": -47.95297911547912,
    "action.neg_index": 104.69949324324324,
    "action.none": 135.70434582309582,
    "action.pass": 135.70434582309582,
    "action.point_fraction": 79.24794318463513,
    "action.point_risk": -78.6070945945946,
    "action.rank": 40.60569717444717,
    "action.remaining_cards": -149.5520730958231,
    "action.remaining_points": 78.6070945945946,
    "action.sequence_length": -224.91732186732187,
    "action.sequence_width": -291.27962223587224,
    "action.sheds_hand_fraction": 38.67794246626829,
    "action.type.bomb": -47.95297911547912,
    "action.type.sequence": -74.8735565110565,
    "action.type.set": -12.877810196560196,
    "action.wild_count": 136.68123464373465
  }
}
