{
  "averaged": true,
  "feature_version": 2,
  "model_type": "linear_action_ranker",
  "weights": {
    "action.bomb_rank": 252.57202288091523,
    "action.card_count": 566.1573712948518,
    "action.empties_hand": 156.4390600624025,
    "action.index": -116.78107124284972,
    "action.is_bomb": -74.52145085803433,
    "action.neg_index": 116.78107124284972,
    "action.none": -313.2358944357774,
    "action.pass": -313.2358944357774,
    "action.point_fraction": -27.467317012478965,
    "action.point_risk": -359.0540496619865,
    "action.rank": 92.19513780551222,
    "action.remaining_cards": -566.1573712948518,
    "action.remaining_points": 359.0540496619865,
    "action.sequence_length": -405.82920566822673,
    "action.sequence_width": -301.1330278211128,
    "action.sheds_hand_fraction": 84.74482379344687,
    "action.type.bomb": -74.52145085803433,
    "action.type.sequence": -131.5285036401456,
    "action.type.set": 519.2858489339574,
    "action.wild_count": 220.05141705668225
  }
}
