{
  "averaged": true,
  "feature_version": 3,
  "model_type": "linear_action_ranker",
  "weights": {
    "action.bomb_rank": 6.174742268041237,
    "action.captures_point_pressure": 125.01832239925024,
    "action.card_count": 168.86447985004685,
    "action.empties_hand": 115.78022492970946,
    "action.index": -207.2250702905342,
    "action.is_bomb": 49.274133083411435,
    "action.leaves_actor_near_out": 91.85627928772259,
    "action.leaves_actor_one_card": 116.74339268978444,
    "action.neg_index": 207.2250702905342,
    "action.none": 273.9568884723524,
    "action.pass": 273.9568884723524,
    "action.point_fraction": 93.21865935926805,
    "action.point_risk": -62.5037488284911,
    "action.rank": 76.35243673851922,
    "action.remaining_cards": -168.86447985004685,
    "action.remaining_points": 62.5037488284911,
    "action.sequence_length": -97.83252108716026,
    "action.sequence_width": -241.55196813495783,
    "action.sheds_hand_fraction": 124.8953295494418,
    "action.trick_point_pressure": -62.5037488284911,
    "action.type.bomb": 49.274133083411435,
    "action.type.sequence": -36.39217432052484,
    "action.type.set": -286.838847235239,
    "action.wild_count": -17.072164948453608,
    "shape.action_bombs": 6.033130271790066,
    "shape.action_pairs": 493.808434864105,
    "shape.action_sequence_runs": -55.70506091846298,
    "shape.action_triples": 137.1485473289597,
    "shape.after_bombs": 117.1415182755389,
    "shape.after_pairs": 12.798500468603562,
    "shape.after_sequence_runs": -57.72572633552015,
    "shape.after_triples": 8.980646672914714,
    "shape.bombs_broken": -117.1415182755389,
    "shape.pairs_broken": -12.798500468603562,
    "shape.sequence_runs_broken": 57.72572633552015,
    "shape.triples_broken": -8.980646672914714
  }
}
